{
  "executed_at": "2025-11-24T16:35:43.484843",
  "domain_count": 6,
  "results": [
    {
      "domain": "zeta.cloud.ai",
      "stats": {
        "input_count": 7,
        "output_count": 7,
        "removed": 0,
        "domain": "zeta.cloud.ai",
        "entropy": 0.17723129931044268
      },
      "files": [
        "output\\zeta.cloud.ai_part1.txt"
      ]
    },
    {
      "domain": "alpha.example.com",
      "stats": {
        "input_count": 14,
        "output_count": 14,
        "removed": 0,
        "domain": "alpha.example.com",
        "entropy": 0.21089186100059132
      },
      "files": [
        "output\\alpha.example.com_part1.txt"
      ]
    },
    {
      "domain": "delta.api.org",
      "stats": {
        "input_count": 11,
        "output_count": 11,
        "removed": 0,
        "domain": "delta.api.org",
        "entropy": 0.48328233359545325
      },
      "files": [
        "output\\delta.api.org_part1.txt"
      ]
    },
    {
      "domain": "beta.example.net",
      "stats": {
        "input_count": 14,
        "output_count": 14,
        "removed": 0,
        "domain": "beta.example.net",
        "entropy": 0.20274033887495946
      },
      "files": [
        "output\\beta.example.net_part1.txt"
      ]
    },
    {
      "domain": "gamma.service.io",
      "stats": {
        "input_count": 9,
        "output_count": 9,
        "removed": 0,
        "domain": "gamma.service.io",
        "entropy": 0.4179617282934758
      },
      "files": [
        "output\\gamma.service.io_part1.txt"
      ]
    },
    {
      "domain": "epsilon.data.dev",
      "stats": {
        "input_count": 12,
        "output_count": 12,
        "removed": 0,
        "domain": "epsilon.data.dev",
        "entropy": 0.1542344388557424
      },
      "files": [
        "output\\epsilon.data.dev_part1.txt"
      ]
    }
  ],
  "engine_version": "1.0.0-DEMO"
}